{
  "id": 1,
  "latitud": -35.5450229,
  "longitud": -71.4840038,
  "timestamp": "2024-06-17T17:19:16.333Z"
}